<?xml version="1.0" encoding="utf-8"?><feed xmlns="http://www.w3.org/2005/Atom" ><generator uri="https://jekyllrb.com/" version="3.8.5">Jekyll</generator><link href="https://plfa.github.io/feed.xml" rel="self" type="application/atom+xml" /><link href="https://plfa.github.io/" rel="alternate" type="text/html" /><updated>2019-08-31T21:45:11+00:00</updated><id>https://plfa.github.io/feed.xml</id><title type="html">Programming Language Foundations in Agda</title><subtitle>Programming Language Foundations in Agda
</subtitle><entry><title type="html">Changes to PLFA – Migration to Agda 2.6</title><link href="https://plfa.github.io/2019/07/12/changes-to-plfa.html" rel="alternate" type="text/html" title="Changes to PLFA – Migration to Agda 2.6" /><published>2019-07-12T00:00:00+00:00</published><updated>2019-07-12T00:00:00+00:00</updated><id>https://plfa.github.io/2019/07/12/changes-to-plfa</id><content type="html" xml:base="https://plfa.github.io/2019/07/12/changes-to-plfa.html">&lt;p&gt;Today, we made several major changes to the PLFA infrastructure!&lt;/p&gt;

&lt;p&gt;We upgraded to &lt;a href=&quot;https://github.com/agda/agda/releases/tag/v2.6.0.1&quot;&gt;Agda 2.6.0.1&lt;/a&gt; and &lt;a href=&quot;https://github.com/agda/agda-stdlib/releases/tag/v1.1&quot;&gt;version 1.1 of the standard library&lt;/a&gt;. If you want to continue working with the book, you’ll have to update your versions locally. Please follow the instructions in &lt;a href=&quot;/GettingStarted/&quot;&gt;Getting Started&lt;/a&gt; to reinstall Agda and the standard library.&lt;/p&gt;

&lt;p&gt;We deprecated &lt;a href=&quot;https://github.com/wenkokke/agda2html&quot;&gt;agda2html&lt;/a&gt;. In version 2.6, Agda has added support for the &lt;code class=&quot;highlighter-rouge&quot;&gt;--html-highlight&lt;/code&gt; flag. Using this command, Agda will highlight only the code in a file, and leave the rest untouched:&lt;/p&gt;
&lt;div class=&quot;language-bash highlighter-rouge&quot;&gt;&lt;div class=&quot;highlight&quot;&gt;&lt;pre class=&quot;highlight&quot;&gt;&lt;code&gt;agda &lt;span class=&quot;nt&quot;&gt;--html&lt;/span&gt; &lt;span class=&quot;nt&quot;&gt;--html-highlight&lt;/span&gt;&lt;span class=&quot;o&quot;&gt;=&lt;/span&gt;code FILE.lagda.md
&lt;/code&gt;&lt;/pre&gt;&lt;/div&gt;&lt;/div&gt;
&lt;p&gt;Of course, &lt;a href=&quot;https://github.com/wenkokke/agda2html&quot;&gt;agda2html&lt;/a&gt; offered support for more than just inline highlighting of code in Markdown files. We have written a bash script, &lt;a href=&quot;https://github.com/plfa/plfa.github.io/blob/dev/highlight.sh&quot;&gt;&lt;code class=&quot;highlighter-rouge&quot;&gt;highlight.sh&lt;/code&gt;&lt;/a&gt;, which supports much of the same functionality. In particular, it uses sed to redirect links to the standard library to &lt;a href=&quot;https://agda.github.io/agda-stdlib/README.html&quot;&gt;the online version&lt;/a&gt;. For the time being, we dropped support for module references, e.g., linking to the chapter on Naturals by writing &lt;code class=&quot;highlighter-rouge&quot;&gt;[Naturals][plfa.Naturals]&lt;/code&gt;, and removed all module references from the text.&lt;/p&gt;

&lt;p&gt;Lastly, to use Agda 2.6 with Markdown, we updated all literal Agda files. We replaced LaTeX code fences, i.e., &lt;code class=&quot;highlighter-rouge&quot;&gt;\begin{code}&lt;/code&gt; and &lt;code class=&quot;highlighter-rouge&quot;&gt;\end{code}&lt;/code&gt;, with Markdown backtick fences &lt;code class=&quot;highlighter-rouge&quot;&gt;```&lt;/code&gt;, and changed the file extensions &lt;code class=&quot;highlighter-rouge&quot;&gt;.lagda&lt;/code&gt; to &lt;code class=&quot;highlighter-rouge&quot;&gt;.lagda.md&lt;/code&gt;. As a consequence, when you open up a literate Agda file in Emacs, it will open the file in Markdown mode – if you have it installed – or in fundamental mode. To switch to Agda mode, you will have to invoke &lt;code class=&quot;highlighter-rouge&quot;&gt;M-x agda2-mode&lt;/code&gt;.&lt;/p&gt;</content><author><name></name></author><summary type="html">Today, we made several major changes to the PLFA infrastructure!</summary></entry></feed>